page,cat,filter
Lễ hội Việt Nam,Thể_loại:Lễ_hội_Việt_Nam,1.0
Bơi Trải,Thể_loại:Lễ_hội_Việt_Nam,
Chợ Âm Dương,Thể_loại:Lễ_hội_Việt_Nam,
Giỗ Tổ Hùng Vương,Thể_loại:Lễ_hội_Việt_Nam,
Lễ mừng lúa mới,Thể_loại:Lễ_hội_Việt_Nam,1.0
Lễ hội chọi trâu,Thể_loại:Lễ_hội_Việt_Nam,1.0
Lễ hội chùa Bái Đính,Thể_loại:Lễ_hội_Việt_Nam,1.0
Lễ hội đền Hùng,Thể_loại:Lễ_hội_Việt_Nam,1.0
Lễ hội đền Thái Vi,Thể_loại:Lễ_hội_Việt_Nam,1.0
Lễ hội pháo hoa quốc tế Đà Nẵng,Thể_loại:Lễ_hội_Việt_Nam,1.0
Múa kiếm,Thể_loại:Lễ_hội_Việt_Nam,
Lễ hội nghinh Ông,Thể_loại:Lễ_hội_Việt_Nam,1.0
Năm Du lịch quốc gia 2020,Thể_loại:Lễ_hội_Việt_Nam,
Năm Du lịch quốc gia 2021,Thể_loại:Lễ_hội_Việt_Nam,
Núi Voi (Hải Phòng),Thể_loại:Lễ_hội_Việt_Nam,
Phủ Dầy,Thể_loại:Lễ_hội_Việt_Nam,
Pride ở Việt Nam,Thể_loại:Lễ_hội_Việt_Nam,
Tết Hàn thực,Thể_loại:Lễ_hội_Việt_Nam,
Tết Nguyên Đán,Thể_loại:Lễ_hội_Việt_Nam,
Tết Nguyên tiêu,Thể_loại:Lễ_hội_Việt_Nam,
Tết Trung thu,Thể_loại:Lễ_hội_Việt_Nam,
Các ngày lễ ở Việt Nam,Thể loại:Ngày lễ Việt Nam,
Ngày Âm nhạc Việt Nam,Thể loại:Ngày lễ Việt Nam,
Ngày Chuyển đổi số quốc gia,Thể loại:Ngày lễ Việt Nam,
Ngày Lâm nghiệp Việt Nam,Thể loại:Ngày lễ Việt Nam,
Lễ hội Ná Nhèm,Thể loại:Ngày lễ Việt Nam,1.0
Ngày gia đình Việt Nam,Thể loại:Ngày lễ Việt Nam,
Ngày Nhà giáo Việt Nam,Thể loại:Ngày lễ Việt Nam,
Ngày pháp luật Việt Nam,Thể loại:Ngày lễ Việt Nam,
Ngày Quốc khánh (Việt Nam),Thể loại:Ngày lễ Việt Nam,
Ngày Thầy thuốc Việt Nam,Thể loại:Ngày lễ Việt Nam,
Ngày Thống nhất,Thể loại:Ngày lễ Việt Nam,
Ngày thương binh liệt sĩ,Thể loại:Ngày lễ Việt Nam,
Ngày truyền thống ngành than Việt Nam,Thể loại:Ngày lễ Việt Nam,
Ngày Phụ nữ Việt Nam,Thể loại:Ngày lễ Việt Nam,
Tết Đoan ngọ,Thể loại:Ngày lễ Việt Nam,
Tết Song thập,Thể loại:Ngày lễ Việt Nam,
Vu-lan,Thể loại:Ngày lễ Việt Nam,
Lễ hội các dân tộc Việt Nam,Thể loại:Lễ hội các dân tộc Việt Nam,1.0
Lễ hội Cồng chiêng,Thể loại:Lễ hội các dân tộc Việt Nam,1.0
Lễ Kỳ yên,Thể loại:Lễ hội các dân tộc Việt Nam,1.0
Lễ hội đâm trâu (người Ba Na),Thể loại:Lễ hội của người Ba Na,1.0
Lễ hội Puh Hơ Drih,Thể loại:Lễ hội của người Ba Na,1.0
Lễ hội cầu mưa (người Chăm),Thể loại:Lễ hội của người Chăm,1.0
Lễ hội Katé,Thể loại:Lễ hội của người Chăm,1.0
Lễ hội Ramưwan,Thể loại:Lễ hội của người Chăm,1.0
Lễ hội Roya Phik Trok,Thể loại:Lễ hội của người Chăm,1.0
Lễ hội tháp Bà Po Nagar,Thể loại:Lễ hội của người Chăm,1.0
Lễ mở cửa tháp (Chăm),Thể loại:Lễ hội của người Chăm,1.0
Lễ hội Sayangva,Thể loại:Lễ hội của người Chơ Ro,1.0
Lễ hội Cúng bản,Thể loại:Lễ hội của người Cống,1.0
Lễ hội Cầu mùa (người Dao),Thể loại:Lễ hội của người Dao,1.0
Lễ hội lập tịch (người Dao),Thể loại:Lễ hội của người Dao,1.0
Lễ hội nào cống,Thể loại:Lễ hội của người Dao,1.0
Lễ hội nhảy lửa (người Dao),Thể loại:Lễ hội của người Dao,1.0
Lễ hội tết nhảy,Thể loại:Lễ hội của người Dao,1.0
Lễ hội Kơ Pan,Thể loại:Lễ hội của người Ê Đê,1.0
Lễ hội Mùa xuân (người Êđê),Thể loại:Lễ hội của người Ê Đê,1.0
Lễ hội cúng thần rừng,Thể loại:Lễ hội của người Giáy,1.0
Lễ hội roóng poọc,Thể loại:Lễ hội của người Giáy,1.0
Lễ hội gầu tào,Thể loại:Lễ hội của người H'Mông,1.0
Lễ hội trùm chăn,Thể loại:Lễ hội của người Hà Nhì,1.0
Lễ hội Nghinh Ông Quan Thánh Đế Quân,Thể loại:Lễ hội của người Hoa,1.0
Ngày hội văn hóa của người Hoa,Thể loại:Lễ hội của người Hoa,
Ngày Song Thập,Thể loại:Lễ hội của người Hoa,
Lễ hội xen pang ả,Thể loại:Lễ hội của người Kháng,1.0
Lễ hội Xíp xí,Thể loại:Lễ hội của người Kháng,1.0
Lễ hội Chol Chnam Thmay,Thể loại:Lễ hội của người Khmer,1.0
Lễ hội Đôn ta,Thể loại:Lễ hội của người Khmer,1.0
Lễ hội đua bò Bảy Núi,Thể loại:Lễ hội của người Khmer,1.0
Lễ hội đua thuyền tại Campuchia,Thể loại:Lễ hội của người Khmer,1.0
Lễ hội Ok om bok,Thể loại:Lễ hội của người Khmer,1.0
Lễ hội Cầu mùa (người Khơ Mú),Thể loại:Lễ hội của người Khơ Mú,1.0
Lễ hội Mah Grợ,Thể loại:Lễ hội của người Khơ Mú,1.0
Lễ hội dâng hoa măng (người La Ha),Thể loại:Lễ hội của người La Ha,1.0
Lễ hội cầu mưa (người Lô Lô),Thể loại:Lễ hội của người Lô Lô,1.0
Lễ hội Căm Mường,Thể loại:Lễ hội của người Lự,1.0
Lễ hội Đâm đuống,Thể loại:Lễ hội của người Mường,1.0
Lễ hội đoọc moong,Thể loại:Lễ hội của người Mường,1.0
Lễ hội Pôồn Pôông,Thể loại:Lễ hội của người Mường,1.0
Lễ hội Oóc Pò,Thể loại:Lễ hội của người Nùng,1.0
Lễ hội kéo chày (người Pà Thẻn),Thể loại:Lễ hội của người Pà Thẻn,1.0
Lễ hội nhảy lửa (người Pà Thẻn),Thể loại:Lễ hội của người Pà Thẻn,1.0
Lễ hội Đại phan,Thể loại:Lễ hội của người Sán Dìu,1.0
Lễ hội Cầu mùa (người Tà Ôi),Thể loại:Lễ hội của người Tà Ôi,1.0
Lễ cưới (người Tày),Thể loại:Lễ hội của người Tày,1.0
Lễ hội Lồng tồng,Thể loại:Lễ hội của người Tày,1.0
Lễ hội Nàng Hai,Thể loại:Lễ hội của người Tày,1.0
"Lễ hội rước Đất, rước Nước",Thể loại:Lễ hội của người Tày,1.0
Lễ hội Cầu mùa (người Thái),Thể loại:Lễ hội của người Thái,1.0
Lễ hội Cầu mưa (người Thái),Thể loại:Lễ hội của người Thái,1.0
Lễ hội Gội đầu,Thể loại:Lễ hội của người Thái,1.0
Lễ hội Hạn Khuống,Thể loại:Lễ hội của người Thái,1.0
Lễ hội hoa ban,Thể loại:Lễ hội của người Thái,1.0
Lễ hội Kin Pang Then,Thể loại:Lễ hội của người Thái,1.0
Lễ hội xang khan,Thể loại:Lễ hội của người Thái,1.0
"Lễ hội xên bản, xên mường",Thể loại:Lễ hội của người Thái,1.0
Lễ hội xòe chiêng,Thể loại:Lễ hội của người Thái,1.0
Lễ hội đập trống,Thể loại:Lễ hội của người Vân Kiều,1.0
Lễ hội Ksaisatíp,Thể loại:Lễ hội của người Xinh Mun,1.0
Lễ hội mạ ma,Thể loại:Lễ hội của người Xinh Mun,1.0
Lễ hội Ká pêê nau,Thể loại:Lễ hội của người Xơ Đăng,1.0
Lễ hội cầu mưa (người Xtiêng),Thể loại:Lễ hội của người Xtiêng,1.0
Lễ hội Hao Trol Va,Thể loại:Lễ hội của người Xtiêng,1.0
Lễ hội miếu Bà Chúa Xứ,Thể loại:Lễ hội An Giang,1.0
Hội làng Long Khám,Thể loại:Lễ hội Bắc Ninh,1.0
Hội Lim,Thể loại:Lễ hội Bắc Ninh,1.0
Lễ hội chém lợn,Thể loại:Lễ hội Bắc Ninh,1.0
Festival Dừa,Thể loại:Lễ hội Bến Tre,
Lễ hội cà phê Buôn Ma Thuột,Thể loại:Lễ hội Đắk Lắk,1.0
Lễ hội Tịch điền Đọi Sơn,Thể loại:Lễ hội Hà Nam,1.0
Đại lễ 1000 năm Thăng Long – Hà Nội,Thể loại:Lễ hội Hà Nội,
Hội Gióng,Thể loại:Lễ hội Hà Nội,1.0
Lễ hội Bình Đà,Thể loại:Lễ hội Hà Nội,1.0
Lễ hội chùa Hương,Thể loại:Lễ hội Hà Nội,1.0
Lễ hội phố hoa Hà Nội,Thể loại:Lễ hội Hà Nội,1.0
Lễ hội rước bánh giầy,Thể loại:Lễ hội Hà Nội,1.0
Chùa Bạch Hào,Thể loại:Lễ hội Hải Dương,
Lễ hội chọi trâu Đồ Sơn,Thể loại:Lễ hội Hải Phòng,1.0
Hát đúm,Thể loại:Lễ hội Hải Phòng,
Lễ hội Hoa Phượng đỏ,Thể loại:Lễ hội Hải Phòng,1.0
Lễ hội Minh thề,Thể loại:Lễ hội Hải Phòng,1.0
Festival Huế,Thể loại:Lễ hội Huế,
Thành viên:Phu Nguyem/Festival Huế,Thể loại:Lễ hội Huế,
Lễ hội Nam Trì,Thể loại:Lễ hội Hưng Yên,1.0
Lễ hội chọi trâu Bảo Hà,Thể loại:Lễ hội Lào Cai,1.0
Festival Hoa Đà Lạt,Thể loại:Lễ hội Lâm Đồng,
Festival Hoa Đà Lạt 2012,Thể loại:Lễ hội Lâm Đồng,
Festival Hoa Đà Lạt 2022,Thể loại:Lễ hội Lâm Đồng,
Lễ hội làm chay,Thể loại:Lễ hội Long An,1.0
Đền Ông Hoàng Mười,Thể loại:Lễ hội Nghệ An,
Lễ hội đền Nguyễn Công Trứ,Thể loại:Lễ hội Ninh Bình,1.0
Lễ hội Báo bản làng Nộn Khê,Thể loại:Lễ hội Ninh Bình,1.0
Lễ hội Hoa Lư,Thể loại:Lễ hội Ninh Bình,1.0
Lễ hội Tràng An,Thể loại:Lễ hội Ninh Bình,1.0
Hội chọi trâu Phù Ninh,Thể loại:Lễ hội Phú Thọ,1.0
Hội phết Hiền Quan,Thể loại:Lễ hội Phú Thọ,1.0
Lễ khao lề thế lính,Thể loại:Lễ hội Quảng Ngãi,1.0
Đại lễ vía Đức Chí Tôn,Thể loại:Lễ hội Tây Ninh,
Hội Yến Diêu Trì Cung,Thể loại:Lễ hội Tây Ninh,1.0
Lễ hội bánh giầy bánh chưng,Thể loại:Lễ hội Thanh Hóa,1.0
Lễ hội chọi trâu Hải Lựu,Thể loại:Lễ hội Vĩnh Phúc,1.0
Festival Diều Quốc tế Vũng Tàu,Thể loại:Lễ hội Vũng Tàu,
Lễ hội Văn hóa Ẩm thực Thế giới 2010 (Vũng Tàu),Thể loại:Lễ hội Vũng Tàu,1.0
Lễ hội đầm Ô Loan,Thể loại:Lễ hội Phú Yên,1.0
Sông nước Tam Giang,Thể loại:Lễ hội Phú Yên,
Bánh chưng,Thể loại:Tết,
Bánh pháo,Thể loại:Tết,
Bánh tét,Thể loại:Tết,
Cây nêu,Thể loại:Tết,
Chủ đề Đường hoa Nguyễn Huệ thập niên 2000,Thể loại:Tết,
Chủ đề Đường hoa Nguyễn Huệ thập niên 2010,Thể loại:Tết,
Chủ đề Đường hoa Nguyễn Huệ thập niên 2020,Thể loại:Tết,
Dưa hấu,Thể loại:Tết,
Tết Dương lịch,Thể loại:Tết,
Đường hoa Nguyễn Huệ,Thể loại:Tết,
Bánh giầy,Thể loại:Tết,
Kagami mochi,Thể loại:Tết,
Lễ cúng ông táo,Thể loại:Tết,1.0
Lì xì,Thể loại:Tết,
Lô tô,Thể loại:Tết,
Mai vàng,Thể loại:Tết,
Mâm ngũ quả,Thể loại:Tết,
Múa lân - sư - rồng,Thể loại:Tết,
Pháo hoa,Thể loại:Tết,
Tất niên,Thể loại:Tết,
Tết (định hướng),Thể loại:Tết,
Tết Lào,Thể loại:Tết,
Tết Nhật Bản,Thể loại:Tết,
Tết Trung Quốc,Thể loại:Tết,
Thanh minh,Thể loại:Tết,
Thịt kho hột vịt,Thể loại:Tết,
Thịt mỡ,Thể loại:Tết,
Thơ chúc Tết của Hồ Chí Minh,Thể loại:Tết,
Tổ tôm,Thể loại:Tết,
